lab,trc,count,plcc,srocc,krocc
ALL,ALL,260,0.745995491060177,0.7479498445015685,0.5624591624591624
HW,ALL,63,0.8346904415865052,0.8365015360983103,0.6446492575524833
HW,PQ,63,0.8346904415865052,0.8365015360983103,0.6446492575524833
MLS,ALL,66,0.4899807385596478,0.5273979751591693,0.3799533799533799
MLS,PQ,66,0.4899807385596478,0.5273979751591693,0.3799533799533799
WHU,ALL,131,0.8283033720355233,0.7893236534457908,0.6044627128596595
WHU,HLG,98,0.785137476487582,0.753635662324911,0.5661687355354513
WHU,PQ,33,0.9077040411717643,0.8633021390374331,0.7007575757575757
