lab,trc,count,plcc,srocc,krocc
ALL,ALL,260,0.745995,0.747950,0.562459
HW,ALL,63,0.834690,0.836502,0.644649
HW,PQ,63,0.834690,0.836502,0.644649
MLS,ALL,66,0.489981,0.527398,0.379953
MLS,PQ,66,0.489981,0.527398,0.379953
WHU,ALL,131,0.828303,0.789324,0.604463
WHU,HLG,98,0.785137,0.753636,0.566169
WHU,PQ,33,0.907704,0.863302,0.700758
